"relative_comparison","pbp","position","amino_acid_contrast","genetic_background_index","display_contrast","reference_pbp_type","comparison_pbp_type","number_of_isolates_in_reference_group","number_of_isolates_in_comparison_group","mean_pairwise_distance_log2_mic","sd_pairwise_distance","n_pairwise_isolate_comparisons","se_mean_pairwise_distance","panel_label"
"163_232","PBP1A",417,"G417D",1,"G417D",163,232,1,148,1.05658561287922,0.56085955553634,59,0.073017694748465,"1A G417D - Mean: 1.057"
"49_56","PBP2B",404,"G404E",1,"G404E",49,56,1,138,1.42922446712163,1.58002860392362,79,0.17776710653915,"2B G404E - Mean: 1.429"
"178_187","PBP2B",446,"A446T",1,"A446T",178,187,1,1,1.37616710463827,NA,1,NA,"2B A446T - Mean: 1.376"
"50_56","PBP2B",483,"D483G",1,"D483G",50,56,1,138,1.51799513332874,0.58480936042753,59,0.0761356937654522,"2B D483G - Mean: 1.518"
"67_74","PBP2B",504,"L504P",1,"L504P",67,74,1,46,1.08760790624528,1.08531158093017,14,0.290061720981334,"2B L504P - Mean: 1.088"
"144_145","PBP2B",542,"V542M",1,"V542M",144,145,1,11,1.32373772147276,0.8227441668591,5,0.367942377037676,"2B V542M - Mean: 1.324"
"38_41","PBP2X",230,"K230T",1,"K230T",38,41,1,9,1.02752593230799,0.711453248206563,8,0.251536708152028,"2X K230T - Mean: 1.028"
"35_37","PBP2X",326,"N326D",1,"N326D",35,37,136,1,1.01274026247594,0.491898869321104,108,0.0473329907694353,"2X N326D - Mean: 1.013"
"34_35","PBP2X",371,"I371T",1,"I371T",34,35,3,136,4.14918189638483,0.909490561042796,244,0.0582241668821693,"2X I371T - Mean: 4.149"
"11_12","PBP2X",378,"D378E",1,"D378E",11,12,19,1,1.25396214778225,0.596619549392467,12,0.172229228722767,"2X D378E - Mean: 1.254"
"54_56","PBP2X",378,"D378E",2,"D378E (2)",54,56,1,138,1.28587647593969,0.531512151190759,59,0.0691969881365999,"2X D378E (2) - Mean: 1.286"
"40_41","PBP2X",400,"T400M",1,"T400M",40,41,1,9,1.07673452889693,NA,1,NA,"2X T400M - Mean: 1.077"
"95_97","PBP2X",550,"A550T",1,"A550T",95,97,2,327,1.59871469029755,0.624001381568535,302,0.0359072445695981,"2X A550T - Mean: 1.599"
"201_202","PBP2X",551,"A551G",1,"A551G",201,202,19,1,1.13183327360952,0.552959216494715,9,0.184319738831572,"2X A551G - Mean: 1.132"
"51_52","PBP2X",572,"V572A",1,"V572A",51,52,1,2,1.46234991999548,3.61435283989005e-12,2,2.55573340268711e-12,"2X V572A - Mean: 1.462"
