"relative_comparison","pbp","position","amino_acid_contrast","genetic_background_index","display_label","mean_pairwise_distance_log2_mic","sd_pairwise_distance","n_pairwise_isolate_comparisons","se_mean_pairwise_distance"
"64_74","PBP1A",372,"M372I",1,"M372I",0.542864140844209,1.30484085832105,32,0.230665454822022
"163_232","PBP1A",417,"G417D",1,"G417D",1.05658561287922,0.56085955553634,59,0.073017694748465
"165_232","PBP1A",436,"T436I",1,"T436I",0.743382033869927,0.632029291987522,89,0.0669949709608694
"89_114","PBP1A",506,"V506I",1,"V506I",0.894187621474979,0.249793683357142,70,0.0298560556779473
"35_43","PBP1A",510,"G510S",1,"G510S",0.975750254615519,0.742830007032184,28,0.14038167607168
"105_126","PBP1A",540,"S540T",1,"S540T",0.896323498445662,0.846909284560169,12,0.244481651710004
"241_278","PBP1A",547,"A547S",1,"A547S",0.650884380563586,0.461388971039842,48,0.0665957616577443
"226_232","PBP1A",629,"S629N",2,"S629N (2)",0.69382552924049,0.587072310044762,89,0.0622295404057884
"172_192","PBP1A",629,"S629R",1,"S629R",0.986863833796483,3.30753988818106e-13,3,1.90960904479676e-13
"49_56","PBP2B",404,"G404E",1,"G404E",1.42922446712163,1.58002860392362,79,0.17776710653915
"178_187","PBP2B",446,"A446T",1,"A446T",1.37616710463827,NA,1,NA
"50_56","PBP2B",483,"D483G",1,"D483G",1.51799513332874,0.58480936042753,59,0.0761356937654522
"67_74","PBP2B",504,"L504P",1,"L504P",1.08760790624528,1.08531158093017,14,0.290061720981334
"44_45","PBP2B",506,"D506E",1,"D506E",0.584895703758476,NA,1,NA
"144_145","PBP2B",542,"V542M",1,"V542M",1.32373772147276,0.8227441668591,5,0.367942377037676
"101_102","PBP2B",586,"Q586K",1,"Q586K",0.962971284664963,NA,1,NA
"248_255","PBP2B",591,"V591I",2,"V591I (2)",0.964951637582699,7.80873223555373e-13,3,4.50837365822665e-13
"38_41","PBP2X",230,"K230T",1,"K230T",1.02752593230799,0.711453248206563,8,0.251536708152028
"206_215","PBP2X",286,"R286G",1,"R286G",0.605133813411677,0.470025721525753,1394,0.0125889711386533
"35_37","PBP2X",326,"N326D",1,"N326D",1.01274026247594,0.491898869321104,108,0.0473329907694353
"56_57","PBP2X",342,"M342V",1,"M342V",0.967489441532422,1.43438370142792,79,0.161380774776204
"34_35","PBP2X",371,"I371T",1,"I371T",4.14918189638483,0.909490561042796,244,0.0582241668821693
"11_12","PBP2X",378,"D378E",1,"D378E",1.25396214778225,0.596619549392467,12,0.172229228722767
"54_56","PBP2X",378,"D378E",2,"D378E (2)",1.28587647593969,0.531512151190759,59,0.0691969881365999
"209_213","PBP2X",385,"M385T",7,"M385T (7)",0.962971284665284,1.6011459262246e-12,4,8.00572963112302e-13
"106_108","PBP2X",393,"A393V",1,"A393V",0.827817420151816,0.335965528056702,114,0.0314660546758459
"40_41","PBP2X",400,"T400M",1,"T400M",1.07673452889693,NA,1,NA
"244_245","PBP2X",402,"L402F",1,"L402F",0.962971284665882,1.07941224837154e-12,4,5.39706124185769e-13
"191_193","PBP2X",518,"V518I",1,"V518I",0.886947235876864,0.261396973075101,76,0.0299842892047839
"104_106","PBP2X",526,"T526S",1,"T526S",0.827817420152114,0.337462041155874,57,0.0446979392792171
"95_97","PBP2X",550,"A550T",1,"A550T",1.59871469029755,0.624001381568535,302,0.0359072445695981
"201_202","PBP2X",551,"A551G",1,"A551G",1.13183327360952,0.552959216494715,9,0.184319738831572
"51_52","PBP2X",572,"V572A",1,"V572A",1.46234991999548,3.61435283989005e-12,2,2.55573340268711e-12
