Evidence,PBP,Substitution,Phenotypic Distance,SE,No. isolates,Confidence,β Joint,Adj. p-value,Effect Size Axis 1,Effect Size Axis 2,No. Sig. interactions,total,Sig. mvLMM/uvLMM (No. drugs
Very Strong,2X,I371T,4.149,0.058,3/136,Strong,3.187,<1e-16,2.85,1.425,40,4,Yes/Yes (6)
Strong,2X,E320K,-,-,-/-,Strong,1.368,<1e-16,-0.854,1.069,18,3,Yes/No (0)
Strong,2X,A491V,-,-,-/-,Strong,1.354,<1e-16,0.713,1.151,21,3,Yes/Yes (1)
Strong,2X,T490S,-,-,-/-,Strong,1.341,<1e-16,0.707,1.139,21,3,Yes/Yes (2)
Strong,2X,A369V,-,-,-/-,Strong,1.313,<1e-16,-0.251,1.288,9,3,Yes/Yes (1)
Strong,2X,M343T,-,-,-/-,Strong,1.246,<1e-16,0.53,1.128,21,3,Yes/Yes (1)
Moderate,2X,N444S,-,-,-/-,-,2.741,<1e-16,2.468,1.192,36,2,Yes/Yes (1)
Moderate,2X,S531Y,-,-,-/-,-,2.445,<1e-16,2.215,1.036,35,2,Yes/No (0)
Moderate,1A,T371S,-,-,-/-,Weak,2.362,<1e-16,2.198,0.867,8,2,Yes/Yes (2)
Moderate,2X,L364F,-,-,-/-,Weak,2.221,<1e-16,2.036,0.888,34,2,Yes/Yes (2)
Moderate,1A,N443D,-,-,-/-,Weak,2.214,1.055e-06,1.764,1.338,64,2,Yes/Yes (1)
Moderate,1A,L611F,-,-,-/-,Weak,2.189,3.829e-04,1.881,1.12,39,2,Yes/Yes (1)
Moderate,2B,T489A,-,-,-/-,Weak,2.161,<1e-16,1.414,1.633,51,2,Yes/Yes (3)
Moderate,1A,L606I,-,-,-/-,Weak,2.16,7.770e-04,1.85,1.115,39,2,Yes/Yes (1)
Moderate,2X,V523L,-,-,-/-,Weak,2.094,1.980e-09,1.844,0.992,45,2,Yes/No (0)
Moderate,1A,G414V,-,-,-/-,Weak,2.09,6.235e-07,1.864,0.944,7,2,Yes/Yes (1)
Moderate,2B,L609S,-,-,-/-,-,2.053,<1e-16,-1.681,1.178,5,2,Yes/No (0)
Moderate,2B,A533G,-,-,-/-,-,2.052,<1e-16,-1.687,1.169,4,2,Yes/No (0)
Moderate,2B,D555E,-,-,-/-,-,2.052,<1e-16,-1.687,1.169,4,2,Yes/No (0)
Moderate,2B,G597A,-,-,-/-,-,2.052,<1e-16,-1.687,1.169,4,2,Yes/No (0)
